Workbook
Name _1_________Regressio: '[1]#REF'!#REF!
Name _10__0_0_Regressio: '[1]#REF'!#REF!
Name _11_____Regressio: '[1]#REF'!#REF!
Name _12_____Regressio: '[1]#REF'!#REF!
Name _13_0_0_Regressio: '[1]#REF'!#REF!
Name _14_0_0_Regressio: '[1]#REF'!#REF!
Name _15Regressio: '[1]#REF'!#REF!
Name _16Regressio: '[1]#REF'!#REF!
Name _17_0_0_Regressio: '[1]#REF'!#REF!
Name _18_0_0_Regressio: '[1]#REF'!#REF!
Name _2_____0_0_Regressio: '[1]#REF'!#REF!
Name _3________Regressio: '[1]#REF'!#REF!
Name _4____0_0_Regressio: '[1]#REF'!#REF!
Name _5_______Regressio: '[1]#REF'!#REF!
Name _6___0_0_Regressio: '[1]#REF'!#REF!
Name _7______Regressio: '[1]#REF'!#REF!
Name _8______Regressio: '[1]#REF'!#REF!
Name _9__0_0_Regressio: '[1]#REF'!#REF!
Name API_P: #REF!
Name API_R: #REF!
Name iOSコントロール: [2]List!$F$4:$F$36
Name Test: Testcase!$A$19:$AK$419

Sheet Cover
A2: Date | B2: Version | C2: Edited by | D2: Description | E2: Reviewer/Approval

Sheet Overview
A1: Project Name | C1: <PROJECT NAME>
A2: PM | C2: <PM>
A3: Project QC Leader | C3: <PQCL>
B5: OVERVIEW
B7: 1. Purpose
B8: The purpose of this document is to define test case and track testing result of project.
B9: 2. Definition, Acronyms, Abbreviations
C11: Term | D11: Explanation
B17: 3. Guideline
B18: - Sheet Summary: used to develop testing report. Project can use this sheet for testing report or use Test report document.
B19: - Sheet Test case: used to define test case and track the testing result.

Sheet Summary
A1: Project Name | B1: =Overview!C1 -> <PROJECT NAME>
A2: PM | B2: =Overview!C2 -> <PM>
A3: PQCL | B3: =Overview!C3 -> <PQCL>
C5: SUMMARY REPORT
A7: File name | B7: Total | C7: Passed | D7: Failed | E7: Not Available
A8: AJIS_Payment_Test Case IT | B8: =SUM(C8:E8) -> 0 | C8: =COUNTIF(Setting!$H$5:$I451,"OK")+COUNTIF(Setting!$O$5:$O451,"OK")+COUNTIF(Setting!$V$5:$V451,"OK") -> 0 | D8: =COUNTIF(Setting!$H$5:$I451,"NG")+COUNTIF(Setting!$O$5:$O451,"NG")+COUNTIF(Setting!$V$5:$V451,"NG") -> 0 | E8: =COUNTIF(Setting!$H$5:$I451,"NA")+COUNTIF(Setting!$O$5:$O451,"NA")+COUNTIF(Setting!$V$5:$V451,"NA") -> 0
A11: Total | B11: =SUM(Testcase!B1) -> 0 | D11: 1st Test | E11: 2nd Test | F11: 3rd Test
A12: IT | B12: OK | C12: Passed | D12: =SUM(Testcase!D2) -> 0 | E12: =SUM(Testcase!E2) -> 0 | F12: =SUM(Testcase!F2) -> 0
B13: NG | C13: Failed | D13: =SUM(Testcase!D3) -> 0 | E13: =SUM(Testcase!E3) -> 0 | F13: =SUM(Testcase!F3) -> 0
B14: NA | C14: Not Available | D14: =SUM(Testcase!D4) -> 0 | E14: =SUM(Testcase!E4) -> 0 | F14: =SUM(Testcase!F4) -> 0
A15: Function | B15: OK | C15: Passed | D15: =SUM(Testcase!D5) -> 0 | E15: =SUM(Testcase!E5) -> 0 | F15: =SUM(Testcase!F5) -> 0
B16: NG | C16: Failed | D16: =SUM(Testcase!D6) -> 0 | E16: =SUM(Testcase!E6) -> 0 | F16: =SUM(Testcase!F6) -> 0
B17: NA | C17: Not Available | D17: =SUM(Testcase!D7) -> 0 | E17: =SUM(Testcase!E7) -> 0 | F17: =SUM(Testcase!F7) -> 0
A18: SUM | D18: =SUM(D12:D17) -> 0 | E18: =SUM(E12:E17) -> 0 | F18: =SUM(F12:F17) -> 0
A20: Test case result
A21: % Test Coverage | B21: % Successful Coverage
A22: =IFERROR((B8-E8)/B8,"") | B22: =IFERROR(C8/(B8-E8),"")
A24: Bug result
A25: Factor | B25: Critical | C25: Major | D25: Normal | E25: Minor
A26: Number of detected bugs
A27: Number of actual opened bugs
A29: Detail Open bugs
A30: Bug ID | B30: Bug severity | C30: Summary
A36: QC Evaluation
A37: QC's gate | B37: Comment
B38: <Note comment>

Sheet Setting
B1: Testcase | L1: API_P | S1: API_R
A2: 1 | B2: 14 | C2: 15 | D2: 22 | E2: 23 | F2: 30 | G2: 31 | K2: 1 | L2: 10 | M2: 16 | N2: 22 | R2: 1 | S2: 14 | T2: 21 | U2: 28
A3: ID | B3: 1st Test Execution | D3: 2nd Test Execution | F3: 3rd Test Execution | H3: Final Result | I3: Final Result | K3: ID | L3: 1st Test Execution | N3: 2nd Test Execution | O3: Final Result | R3: ID | S3: 1st Test Execution | U3: 2nd Test Execution | V3: Final Result
B4: PC | C4: SP | D4: PC | E4: SP | F4: PC | G4: SP | H4: =IF(F4<>0,F4,IF(D4<>0,D4,B4)) -> PC | I4: =IF(G4<>0,G4,IF(E4<>0,E4,C4)) -> SP
A5: {=INDEX(Test,ROW()-4,A$2)} -> 0 | B5: {=INDEX(Test,ROW()-3,B$2)} -> 0 | C5: {=INDEX(Test,ROW()-3,C$2)} -> 0 | D5: {=INDEX(Test,ROW()-3,D$2)} -> 0 | E5: {=INDEX(Test,ROW()-3,E$2)} -> 0 | F5: {=INDEX(Test,ROW()-3,F$2)} -> 0 | G5: {=INDEX(Test,ROW()-3,G$2)} -> 0 | H5: =IF(F5<>0,F5,IF(D5<>0,D5,B5)) -> 0 | I5: =IF(G5<>0,G5,IF(E5<>0,E5,C5)) -> 0 | K5: {=INDEX(API_P,ROW()-4,K$2)} -> #REF! | L5: {=INDEX(API_P,ROW()-4,L$2)} -> #REF! | M5: {=INDEX(API_P,ROW()-4,M$2)} -> #REF! | N5: {=INDEX(API_P,ROW()-4,N$2)} -> #REF! | O5: =IF(N5<>0,N5,IF(M5<>0,M5,L5)) -> #REF! | R5: {=INDEX(API_R,ROW()-4,R$2)} -> #REF! | S5: {=INDEX(API_R,ROW()-4,S$2)} -> #REF! | T5: {=INDEX(API_R,ROW()-4,T$2)} -> #REF! | U5: {=INDEX(API_R,ROW()-4,U$2)} -> #REF! | V5: =IF(U5<>0,U5,IF(T5<>0,T5,S5)) -> #REF!
A6: {=INDEX(Test,ROW()-4,A$2)} -> 0 | B6: {=INDEX(Test,ROW()-3,B$2)} -> 0 | C6: {=INDEX(Test,ROW()-3,C$2)} -> 0 | D6: {=INDEX(Test,ROW()-3,D$2)} -> 0 | E6: {=INDEX(Test,ROW()-3,E$2)} -> 0 | F6: {=INDEX(Test,ROW()-3,F$2)} -> 0 | G6: {=INDEX(Test,ROW()-3,G$2)} -> 0 | H6: =IF(F6<>0,F6,IF(D6<>0,D6,B6)) -> 0 | I6: =IF(G6<>0,G6,IF(E6<>0,E6,C6)) -> 0 | K6: {=INDEX(API_P,ROW()-4,K$2)} -> #REF! | L6: {=INDEX(API_P,ROW()-4,L$2)} -> #REF! | M6: {=INDEX(API_P,ROW()-4,M$2)} -> #REF! | N6: {=INDEX(API_P,ROW()-4,N$2)} -> #REF! | O6: =IF(N6<>0,N6,IF(M6<>0,M6,L6)) -> #REF! | R6: {=INDEX(API_R,ROW()-4,R$2)} -> #REF! | S6: {=INDEX(API_R,ROW()-4,S$2)} -> #REF! | T6: {=INDEX(API_R,ROW()-4,T$2)} -> #REF! | U6: {=INDEX(API_R,ROW()-4,U$2)} -> #REF! | V6: =IF(U6<>0,U6,IF(T6<>0,T6,S6)) -> #REF!
A7: {=INDEX(Test,ROW()-4,A$2)} -> 0 | B7: {=INDEX(Test,ROW()-3,B$2)} -> 0 | C7: {=INDEX(Test,ROW()-3,C$2)} -> 0 | D7: {=INDEX(Test,ROW()-3,D$2)} -> 0 | E7: {=INDEX(Test,ROW()-3,E$2)} -> 0 | F7: {=INDEX(Test,ROW()-3,F$2)} -> 0 | G7: {=INDEX(Test,ROW()-3,G$2)} -> 0 | H7: =IF(F7<>0,F7,IF(D7<>0,D7,B7)) -> 0 | I7: =IF(G7<>0,G7,IF(E7<>0,E7,C7)) -> 0 | K7: {=INDEX(API_P,ROW()-4,K$2)} -> #REF! | L7: {=INDEX(API_P,ROW()-4,L$2)} -> #REF! | M7: {=INDEX(API_P,ROW()-4,M$2)} -> #REF! | N7: {=INDEX(API_P,ROW()-4,N$2)} -> #REF! | O7: =IF(N7<>0,N7,IF(M7<>0,M7,L7)) -> #REF! | R7: {=INDEX(API_R,ROW()-4,R$2)} -> #REF! | S7: {=INDEX(API_R,ROW()-4,S$2)} -> #REF! | T7: {=INDEX(API_R,ROW()-4,T$2)} -> #REF! | U7: {=INDEX(API_R,ROW()-4,U$2)} -> #REF! | V7: =IF(U7<>0,U7,IF(T7<>0,T7,S7)) -> #REF!
A8: {=INDEX(Test,ROW()-4,A$2)} -> 0 | B8: {=INDEX(Test,ROW()-3,B$2)} -> 0 | C8: {=INDEX(Test,ROW()-3,C$2)} -> 0 | D8: {=INDEX(Test,ROW()-3,D$2)} -> 0 | E8: {=INDEX(Test,ROW()-3,E$2)} -> 0 | F8: {=INDEX(Test,ROW()-3,F$2)} -> 0 | G8: {=INDEX(Test,ROW()-3,G$2)} -> 0 | H8: =IF(F8<>0,F8,IF(D8<>0,D8,B8)) -> 0 | I8: =IF(G8<>0,G8,IF(E8<>0,E8,C8)) -> 0 | K8: {=INDEX(API_P,ROW()-4,K$2)} -> #REF! | L8: {=INDEX(API_P,ROW()-4,L$2)} -> #REF! | M8: {=INDEX(API_P,ROW()-4,M$2)} -> #REF! | N8: {=INDEX(API_P,ROW()-4,N$2)} -> #REF! | O8: =IF(N8<>0,N8,IF(M8<>0,M8,L8)) -> #REF! | R8: {=INDEX(API_R,ROW()-4,R$2)} -> #REF! | S8: {=INDEX(API_R,ROW()-4,S$2)} -> #REF! | T8: {=INDEX(API_R,ROW()-4,T$2)} -> #REF! | U8: {=INDEX(API_R,ROW()-4,U$2)} -> #REF! | V8: =IF(U8<>0,U8,IF(T8<>0,T8,S8)) -> #REF!
A9: {=INDEX(Test,ROW()-4,A$2)} -> 0 | B9: {=INDEX(Test,ROW()-3,B$2)} -> 0 | C9: {=INDEX(Test,ROW()-3,C$2)} -> 0 | D9: {=INDEX(Test,ROW()-3,D$2)} -> 0 | E9: {=INDEX(Test,ROW()-3,E$2)} -> 0 | F9: {=INDEX(Test,ROW()-3,F$2)} -> 0 | G9: {=INDEX(Test,ROW()-3,G$2)} -> 0 | H9: =IF(F9<>0,F9,IF(D9<>0,D9,B9)) -> 0 | I9: =IF(G9<>0,G9,IF(E9<>0,E9,C9)) -> 0 | K9: {=INDEX(API_P,ROW()-4,K$2)} -> #REF! | L9: {=INDEX(API_P,ROW()-4,L$2)} -> #REF! | M9: {=INDEX(API_P,ROW()-4,M$2)} -> #REF! | N9: {=INDEX(API_P,ROW()-4,N$2)} -> #REF! | O9: =IF(N9<>0,N9,IF(M9<>0,M9,L9)) -> #REF! | R9: {=INDEX(API_R,ROW()-4,R$2)} -> #REF! | S9: {=INDEX(API_R,ROW()-4,S$2)} -> #REF! | T9: {=INDEX(API_R,ROW()-4,T$2)} -> #REF! | U9: {=INDEX(API_R,ROW()-4,U$2)} -> #REF! | V9: =IF(U9<>0,U9,IF(T9<>0,T9,S9)) -> #REF!
A10: {=INDEX(Test,ROW()-4,A$2)} -> 0 | B10: {=INDEX(Test,ROW()-3,B$2)} -> 0 | C10: {=INDEX(Test,ROW()-3,C$2)} -> 0 | D10: {=INDEX(Test,ROW()-3,D$2)} -> 0 | E10: {=INDEX(Test,ROW()-3,E$2)} -> 0 | F10: {=INDEX(Test,ROW()-3,F$2)} -> 0 | G10: {=INDEX(Test,ROW()-3,G$2)} -> 0 | H10: =IF(F10<>0,F10,IF(D10<>0,D10,B10)) -> 0 | I10: =IF(G10<>0,G10,IF(E10<>0,E10,C10)) -> 0 | K10: {=INDEX(API_P,ROW()-4,K$2)} -> #REF! | L10: {=INDEX(API_P,ROW()-4,L$2)} -> #REF! | M10: {=INDEX(API_P,ROW()-4,M$2)} -> #REF! | N10: {=INDEX(API_P,ROW()-4,N$2)} -> #REF! | O10: =IF(N10<>0,N10,IF(M10<>0,M10,L10)) -> #REF! | R10: {=INDEX(API_R,ROW()-4,R$2)} -> #REF! | S10: {=INDEX(API_R,ROW()-4,S$2)} -> #REF! | T10: {=INDEX(API_R,ROW()-4,T$2)} -> #REF! | U10: {=INDEX(API_R,ROW()-4,U$2)} -> #REF! | V10: =IF(U10<>0,U10,IF(T10<>0,T10,S10)) -> #REF!
A11: {=INDEX(Test,ROW()-4,A$2)} -> 0 | B11: {=INDEX(Test,ROW()-3,B$2)} -> 0 | C11: {=INDEX(Test,ROW()-3,C$2)} -> 0 | D11: {=INDEX(Test,ROW()-3,D$2)} -> 0 | E11: {=INDEX(Test,ROW()-3,E$2)} -> 0 | F11: {=INDEX(Test,ROW()-3,F$2)} -> 0 | G11: {=INDEX(Test,ROW()-3,G$2)} -> 0 | H11: =IF(F11<>0,F11,IF(D11<>0,D11,B11)) -> 0 | I11: =IF(G11<>0,G11,IF(E11<>0,E11,C11)) -> 0 | K11: {=INDEX(API_P,ROW()-4,K$2)} -> #REF! | L11: {=INDEX(API_P,ROW()-4,L$2)} -> #REF! | M11: {=INDEX(API_P,ROW()-4,M$2)} -> #REF! | N11: {=INDEX(API_P,ROW()-4,N$2)} -> #REF! | O11: =IF(N11<>0,N11,IF(M11<>0,M11,L11)) -> #REF! | R11: {=INDEX(API_R,ROW()-4,R$2)} -> #REF! | S11: {=INDEX(API_R,ROW()-4,S$2)} -> #REF! | T11: {=INDEX(API_R,ROW()-4,T$2)} -> #REF! | U11: {=INDEX(API_R,ROW()-4,U$2)} -> #REF! | V11: =IF(U11<>0,U11,IF(T11<>0,T11,S11)) -> #REF!
A12: {=INDEX(Test,ROW()-4,A$2)} -> 0 | B12: {=INDEX(Test,ROW()-3,B$2)} -> 0 | C12: {=INDEX(Test,ROW()-3,C$2)} -> 0 | D12: {=INDEX(Test,ROW()-3,D$2)} -> 0 | E12: {=INDEX(Test,ROW()-3,E$2)} -> 0 | F12: {=INDEX(Test,ROW()-3,F$2)} -> 0 | G12: {=INDEX(Test,ROW()-3,G$2)} -> 0 | H12: =IF(F12<>0,F12,IF(D12<>0,D12,B12)) -> 0 | I12: =IF(G12<>0,G12,IF(E12<>0,E12,C12)) -> 0 | K12: {=INDEX(API_P,ROW()-4,K$2)} -> #REF! | L12: {=INDEX(API_P,ROW()-4,L$2)} -> #REF! | M12: {=INDEX(API_P,ROW()-4,M$2)} -> #REF! | N12: {=INDEX(API_P,ROW()-4,N$2)} -> #REF! | O12: =IF(N12<>0,N12,IF(M12<>0,M12,L12)) -> #REF! | R12: {=INDEX(API_R,ROW()-4,R$2)} -> #REF! | S12: {=INDEX(API_R,ROW()-4,S$2)} -> #REF! | T12: {=INDEX(API_R,ROW()-4,T$2)} -> #REF! | U12: {=INDEX(API_R,ROW()-4,U$2)} -> #REF! | V12: =IF(U12<>0,U12,IF(T12<>0,T12,S12)) -> #REF!
A13: {=INDEX(Test,ROW()-4,A$2)} -> 0 | B13: {=INDEX(Test,ROW()-3,B$2)} -> 0 | C13: {=INDEX(Test,ROW()-3,C$2)} -> 0 | D13: {=INDEX(Test,ROW()-3,D$2)} -> 0 | E13: {=INDEX(Test,ROW()-3,E$2)} -> 0 | F13: {=INDEX(Test,ROW()-3,F$2)} -> 0 | G13: {=INDEX(Test,ROW()-3,G$2)} -> 0 | H13: =IF(F13<>0,F13,IF(D13<>0,D13,B13)) -> 0 | I13: =IF(G13<>0,G13,IF(E13<>0,E13,C13)) -> 0 | K13: {=INDEX(API_P,ROW()-4,K$2)} -> #REF! | L13: {=INDEX(API_P,ROW()-4,L$2)} -> #REF! | M13: {=INDEX(API_P,ROW()-4,M$2)} -> #REF! | N13: {=INDEX(API_P,ROW()-4,N$2)} -> #REF! | O13: =IF(N13<>0,N13,IF(M13<>0,M13,L13)) -> #REF! | R13: {=INDEX(API_R,ROW()-4,R$2)} -> #REF! | S13: {=INDEX(API_R,ROW()-4,S$2)} -> #REF! | T13: {=INDEX(API_R,ROW()-4,T$2)} -> #REF! | U13: {=INDEX(API_R,ROW()-4,U$2)} -> #REF! | V13: =IF(U13<>0,U13,IF(T13<>0,T13,S13)) -> #REF!
A14: {=INDEX(Test,ROW()-4,A$2)} -> 0 | B14: {=INDEX(Test,ROW()-3,B$2)} -> 0 | C14: {=INDEX(Test,ROW()-3,C$2)} -> 0 | D14: {=INDEX(Test,ROW()-3,D$2)} -> 0 | E14: {=INDEX(Test,ROW()-3,E$2)} -> 0 | F14: {=INDEX(Test,ROW()-3,F$2)} -> 0 | G14: {=INDEX(Test,ROW()-3,G$2)} -> 0 | H14: =IF(F14<>0,F14,IF(D14<>0,D14,B14)) -> 0 | I14: =IF(G14<>0,G14,IF(E14<>0,E14,C14)) -> 0 | K14: {=INDEX(API_P,ROW()-4,K$2)} -> #REF! | L14: {=INDEX(API_P,ROW()-4,L$2)} -> #REF! | M14: {=INDEX(API_P,ROW()-4,M$2)} -> #REF! | N14: {=INDEX(API_P,ROW()-4,N$2)} -> #REF! | O14: =IF(N14<>0,N14,IF(M14<>0,M14,L14)) -> #REF! | R14: {=INDEX(API_R,ROW()-4,R$2)} -> #REF! | S14: {=INDEX(API_R,ROW()-4,S$2)} -> #REF! | T14: {=INDEX(API_R,ROW()-4,T$2)} -> #REF! | U14: {=INDEX(API_R,ROW()-4,U$2)} -> #REF! | V14: =IF(U14<>0,U14,IF(T14<>0,T14,S14)) -> #REF!
A15: {=INDEX(Test,ROW()-4,A$2)} -> 0 | B15: {=INDEX(Test,ROW()-3,B$2)} -> 0 | C15: {=INDEX(Test,ROW()-3,C$2)} -> 0 | D15: {=INDEX(Test,ROW()-3,D$2)} -> 0 | E15: {=INDEX(Test,ROW()-3,E$2)} -> 0 | F15: {=INDEX(Test,ROW()-3,F$2)} -> 0 | G15: {=INDEX(Test,ROW()-3,G$2)} -> 0 | H15: =IF(F15<>0,F15,IF(D15<>0,D15,B15)) -> 0 | I15: =IF(G15<>0,G15,IF(E15<>0,E15,C15)) -> 0 | K15: {=INDEX(API_P,ROW()-4,K$2)} -> #REF! | L15: {=INDEX(API_P,ROW()-4,L$2)} -> #REF! | M15: {=INDEX(API_P,ROW()-4,M$2)} -> #REF! | N15: {=INDEX(API_P,ROW()-4,N$2)} -> #REF! | O15: =IF(N15<>0,N15,IF(M15<>0,M15,L15)) -> #REF! | R15: {=INDEX(API_R,ROW()-4,R$2)} -> #REF! | S15: {=INDEX(API_R,ROW()-4,S$2)} -> #REF! | T15: {=INDEX(API_R,ROW()-4,T$2)} -> #REF! | U15: {=INDEX(API_R,ROW()-4,U$2)} -> #REF! | V15: =IF(U15<>0,U15,IF(T15<>0,T15,S15)) -> #REF!
A16: {=INDEX(Test,ROW()-4,A$2)} -> 0 | B16: {=INDEX(Test,ROW()-3,B$2)} -> 0 | C16: {=INDEX(Test,ROW()-3,C$2)} -> 0 | D16: {=INDEX(Test,ROW()-3,D$2)} -> 0 | E16: {=INDEX(Test,ROW()-3,E$2)} -> 0 | F16: {=INDEX(Test,ROW()-3,F$2)} -> 0 | G16: {=INDEX(Test,ROW()-3,G$2)} -> 0 | H16: =IF(F16<>0,F16,IF(D16<>0,D16,B16)) -> 0 | I16: =IF(G16<>0,G16,IF(E16<>0,E16,C16)) -> 0 | K16: {=INDEX(API_P,ROW()-4,K$2)} -> #REF! | L16: {=INDEX(API_P,ROW()-4,L$2)} -> #REF! | M16: {=INDEX(API_P,ROW()-4,M$2)} -> #REF! | N16: {=INDEX(API_P,ROW()-4,N$2)} -> #REF! | O16: =IF(N16<>0,N16,IF(M16<>0,M16,L16)) -> #REF! | R16: {=INDEX(API_R,ROW()-4,R$2)} -> #REF! | S16: {=INDEX(API_R,ROW()-4,S$2)} -> #REF! | T16: {=INDEX(API_R,ROW()-4,T$2)} -> #REF! | U16: {=INDEX(API_R,ROW()-4,U$2)} -> #REF! | V16: =IF(U16<>0,U16,IF(T16<>0,T16,S16)) -> #REF!
... A539: {=INDEX(Test,ROW()-4,A$2)} -> #REF! | B539: {=INDEX(Test,ROW()-3,B$2)} -> #REF! | C539: {=INDEX(Test,ROW()-3,C$2)} -> #REF! | D539: {=INDEX(Test,ROW()-3,D$2)} -> #REF! | E539: {=INDEX(Test,ROW()-3,E$2)} -> #REF! | F539: {=INDEX(Test,ROW()-3,F$2)} -> #REF! | G539: {=INDEX(Test,ROW()-3,G$2)} -> #REF! | H539: =IF(F539<>0,F539,IF(D539<>0,D539,B539)) -> #REF! | I539: =IF(G539<>0,G539,IF(E539<>0,E539,C539)) -> #REF! | K539: {=INDEX(API_P,ROW()-4,K$2)} -> #REF! | L539: {=INDEX(API_P,ROW()-4,L$2)} -> #REF! | M539: {=INDEX(API_P,ROW()-4,M$2)} -> #REF! | N539: {=INDEX(API_P,ROW()-4,N$2)} -> #REF! | O539: =IF(N539<>0,N539,IF(M539<>0,M539,L539)) -> #REF! | R539: {=INDEX(API_R,ROW()-4,R$2)} -> #REF! | S539: {=INDEX(API_R,ROW()-4,S$2)} -> #REF! | T539: {=INDEX(API_R,ROW()-4,T$2)} -> #REF! | U539: {=INDEX(API_R,ROW()-4,U$2)} -> #REF! | V539: =IF(U539<>0,U539,IF(T539<>0,T539,S539)) -> #REF!
A540: {=INDEX(Test,ROW()-4,A$2)} -> #REF! | B540: {=INDEX(Test,ROW()-3,B$2)} -> #REF! | C540: {=INDEX(Test,ROW()-3,C$2)} -> #REF! | D540: {=INDEX(Test,ROW()-3,D$2)} -> #REF! | E540: {=INDEX(Test,ROW()-3,E$2)} -> #REF! | F540: {=INDEX(Test,ROW()-3,F$2)} -> #REF! | G540: {=INDEX(Test,ROW()-3,G$2)} -> #REF! | H540: =IF(F540<>0,F540,IF(D540<>0,D540,B540)) -> #REF! | I540: =IF(G540<>0,G540,IF(E540<>0,E540,C540)) -> #REF!
A541: {=INDEX(Test,ROW()-4,A$2)} -> #REF! | B541: {=INDEX(Test,ROW()-3,B$2)} -> #REF! | C541: {=INDEX(Test,ROW()-3,C$2)} -> #REF! | D541: {=INDEX(Test,ROW()-3,D$2)} -> #REF! | E541: {=INDEX(Test,ROW()-3,E$2)} -> #REF! | F541: {=INDEX(Test,ROW()-3,F$2)} -> #REF! | G541: {=INDEX(Test,ROW()-3,G$2)} -> #REF! | H541: =IF(F541<>0,F541,IF(D541<>0,D541,B541)) -> #REF! | I541: =IF(G541<>0,G541,IF(E541<>0,E541,C541)) -> #REF!
A542: {=INDEX(Test,ROW()-4,A$2)} -> #REF! | B542: {=INDEX(Test,ROW()-3,B$2)} -> #REF! | C542: {=INDEX(Test,ROW()-3,C$2)} -> #REF! | D542: {=INDEX(Test,ROW()-3,D$2)} -> #REF! | E542: {=INDEX(Test,ROW()-3,E$2)} -> #REF! | F542: {=INDEX(Test,ROW()-3,F$2)} -> #REF! | G542: {=INDEX(Test,ROW()-3,G$2)} -> #REF! | H542: =IF(F542<>0,F542,IF(D542<>0,D542,B542)) -> #REF! | I542: =IF(G542<>0,G542,IF(E542<>0,E542,C542)) -> #REF!

Sheet Testcase
A1: Total | B1: =COUNTIF($A$16:$A$319,"IT-*")*2 -> 0 | D1: 1st Test | E1: 2nd Test | F1: 3rd Test
A2: IT | B2: OK | C2: Passed | D2: =COUNTIFS($N$19:$N$319,$B2,$A$19:$A$319,"G-*")+COUNTIFS($O$19:$O$319,$B2,$A$19:$A$319,"G-*") -> 0 | E2: =COUNTIFS($V$19:$V$319,$B2,$A$19:$A$319,"G-*")+COUNTIFS($W$19:$W$319,$B2,$A$19:$A$319,"G-*") -> 0 | F2: =COUNTIFS($AD$19:$AD$319,$B2,$A$19:$A$319,"G-*")+COUNTIFS($AE$19:$AE$319,$B2,$A$19:$A$319,"G-*") -> 0
B3: NG | C3: Failed | D3: =COUNTIFS($N$19:$N$319,$B3,$A$19:$A$319,"G-*")+COUNTIFS($O$19:$O$319,$B3,$A$19:$A$319,"G-*") -> 0 | E3: =COUNTIFS($V$19:$V$319,$B3,$A$19:$A$319,"G-*")+COUNTIFS($W$19:$W$319,$B3,$A$19:$A$319,"G-*") -> 0 | F3: =COUNTIFS($AD$19:$AD$319,$B3,$A$19:$A$319,"G-*")+COUNTIFS($AE$19:$AE$319,$B3,$A$19:$A$319,"G-*") -> 0
B4: NA | C4: Not Available | D4: =COUNTIFS($N$19:$N$319,$B4,$A$19:$A$319,"G-*")+COUNTIFS($O$19:$O$319,$B4,$A$19:$A$319,"G-*") -> 0 | E4: =COUNTIFS($V$19:$V$319,$B4,$A$19:$A$319,"G-*")+COUNTIFS($W$19:$W$319,$B4,$A$19:$A$319,"G-*") -> 0 | F4: =COUNTIFS($AD$19:$AD$319,$B4,$A$19:$A$319,"G-*")+COUNTIFS($AE$19:$AE$319,$B4,$A$19:$A$319,"G-*") -> 0
A5: Function | B5: OK | C5: Passed | D5: =COUNTIFS($N$19:$N$319,$B5,$A$19:$A$319,"F-*")+COUNTIFS($O$19:$O$319,$B5,$A$19:$A$319,"F-*") -> 0 | E5: =COUNTIFS($V$19:$V$319,$B5,$A$19:$A$319,"F-*")+COUNTIFS($W$19:$W$319,$B5,$A$19:$A$319,"F-*") -> 0 | F5: =COUNTIFS($AD$19:$AD$319,$B5,$A$19:$A$319,"F-*")+COUNTIFS($AE$19:$AE$319,$B5,$A$19:$A$319,"F-*") -> 0
B6: NG | C6: Failed | D6: =COUNTIFS($N$19:$N$319,$B6,$A$19:$A$319,"F-*")+COUNTIFS($O$19:$O$319,$B6,$A$19:$A$319,"F-*") -> 0 | E6: =COUNTIFS($V$19:$V$319,$B6,$A$19:$A$319,"F-*")+COUNTIFS($W$19:$W$319,$B6,$A$19:$A$319,"F-*") -> 0 | F6: =COUNTIFS($AD$19:$AD$319,$B6,$A$19:$A$319,"F-*")+COUNTIFS($AE$19:$AE$319,$B6,$A$19:$A$319,"F-*") -> 0
B7: NA | C7: Not Available | D7: =COUNTIFS($N$19:$N$319,$B7,$A$19:$A$319,"F-*")+COUNTIFS($O$19:$O$319,$B7,$A$19:$A$319,"F-*") -> 0 | E7: =COUNTIFS($V$19:$V$319,$B7,$A$19:$A$319,"F-*")+COUNTIFS($W$19:$W$319,$B7,$A$19:$A$319,"F-*") -> 0 | F7: =COUNTIFS($AD$19:$AD$319,$B7,$A$19:$A$319,"F-*")+COUNTIFS($AE$19:$AE$319,$B7,$A$19:$A$319,"F-*") -> 0
A8: SUM | D8: =SUM(D2:D7) -> 0 | E8: =SUM(E2:E7) -> 0 | F8: =SUM(F2:F7) -> 0
J10: TEST CASE
A12: Test case ID | B12: Item Test | D12: Description | G12: Pre-conditions | I12: Step | J12: Expected Results | K12: PG Selftest | L12: Customer Result | M12: Customer Note | N12: 1st Test Execution | V12: 2nd Test Execution | AD12: 3rd Test Execution
B13: Main | C13: Sub | N13: Test Result | P13: ID bug | Q13: Test Date | R13: Tester | S13: Browser | T13: OS | U13: Comment | V13: Test Result | X13: ID bug | Y13: Test Date | Z13: Tester | AA13: Browser | AB13: OS | AC13: Comment | AD13: Test Result | AF13: ID bug | AG13: Test Date | AH13: Tester | AI13: Browser | AJ13: OS | AK13: Comment
N14: PC | O14: SmartPhone | V14: PC | W14: SmartPhone | AD14: PC | AE14: SmartPhone
